1086,1,110.00,22.22,19.20,7.50,79.12,33.12,500.11,6.00,0.00,30.00,6.00,160,0
1086,2,110.00,22.22,19.20,7.50,79.12,33.12,500.11,6.00,0.00,30.00,6.00,160,0
1086,3,110.00,22.22,19.20,7.50,79.12,33.12,500.11,6.00,0.00,30.00,6.00,160,0
1086,4,110.00,22.22,19.20,7.50,79.12,33.12,500.11,6.00,0.00,30.00,6.00,160,0
1086,5,110.00,22.22,19.20,7.50,79.12,33.12,500.11,6.00,0.00,30.00,6.00,160,0
1086,6,110.00,22.22,19.20,7.50,79.12,33.12,500.11,6.00,0.00,30.00,6.00,160,0
1086,7,110.00,22.22,19.20,7.50,79.12,33.12,500.11,6.00,0.00,30.00,6.00,160,0
1086,8,110.00,22.22,19.20,7.50,79.12,33.12,500.11,6.00,0.00,30.00,6.00,160,0
1086,9,110.00,22.22,19.20,7.50,79.12,33.12,500.11,6.00,0.00,30.00,6.00,160,0
1086,10,110.00,22.22,19.20,7.50,79.12,33.12,500.11,6.00,0.00,30.00,6.00,160,0
1086,11,110.00,22.22,19.20,7.50,79.12,33.12,500.11,6.00,0.00,30.00,6.00,160,0
1086,12,110.00,22.22,19.20,7.50,79.12,33.12,500.11,6.00,0.00,30.00,6.00,160,0
1086,13,110.00,22.22,19.20,7.50,79.12,33.12,500.11,6.00,0.00,30.00,6.00,160,0
1086,14,110.00,22.22,19.20,7.50,79.12,33.12,500.11,6.00,0.00,30.00,6.00,160,0
1086,15,110.00,22.22,19.20,7.50,79.12,33.12,500.11,6.00,0.00,30.00,6.00,160,0
1086,16,110.00,22.22,19.20,7.50,79.12,33.12,500.11,6.00,0.00,30.00,6.00,160,0
1086,17,110.00,22.22,19.20,7.50,79.12,33.12,500.11,6.00,0.00,30.00,6.00,160,0
1086,18,110.00,22.22,19.20,7.50,79.12,33.12,500.11,6.00,0.00,30.00,6.00,160,0
1086,19,110.00,22.22,19.20,7.50,79.12,33.12,500.11,6.00,0.00,30.00,6.00,160,0
1086,20,110.00,22.22,19.20,7.50,79.12,33.12,500.11,6.00,0.00,30.00,6.00,160,0
1086,21,110.00,22.22,19.20,7.50,79.12,33.12,500.11,6.00,0.00,30.00,6.00,160,0
1086,22,110.00,22.22,19.20,7.50,79.12,33.12,500.11,6.00,0.00,30.00,6.00,160,0
1086,23,110.00,22.22,19.20,7.50,79.12,33.12,500.11,6.00,0.00,30.00,6.00,160,0
1086,24,110.00,22.22,19.20,7.50,79.12,33.12,500.11,6.00,0.00,30.00,6.00,160,0
1086,25,110.00,22.22,19.20,7.50,79.12,33.12,500.11,6.00,0.00,30.00,6.00,160,0
1086,26,110.00,22.22,19.20,7.50,79.12,33.12,500.11,6.00,0.00,30.00,6.00,160,0
1086,27,110.00,22.22,19.20,7.50,79.12,33.12,500.11,6.00,0.00,30.00,6.00,160,0
1086,28,110.00,22.22,19.20,7.50,79.12,33.12,500.11,6.00,0.00,30.00,6.00,160,0
1086,29,110.00,22.22,19.20,7.50,79.12,33.12,500.11,6.00,0.00,30.00,6.00,160,0
1086,30,110.00,22.22,19.20,7.50,79.12,33.12,500.11,6.00,0.00,30.00,6.00,160,0
1086,31,110.00,22.22,19.20,7.50,79.12,33.12,500.11,6.00,0.00,30.00,6.00,160,0
1086,32,110.00,22.22,19.20,7.50,79.12,33.12,500.11,6.00,0.00,30.00,6.00,160,0
1086,33,110.00,22.22,19.20,7.50,79.12,33.12,500.11,6.00,0.00,30.00,6.00,160,0
1086,34,110.00,22.22,19.20,7.50,79.12,33.12,500.11,6.00,0.00,30.00,6.00,160,0
1086,35,110.00,22.22,19.20,7.50,79.12,33.12,500.11,6.00,0.00,30.00,6.00,160,0
1086,36,110.00,22.22,19.20,7.50,79.12,33.12,500.11,6.00,0.00,30.00,6.00,160,0
1086,37,110.00,22.22,19.20,7.50,79.12,33.12,500.11,6.00,0.00,30.00,6.00,160,0
1086,38,110.00,22.22,19.20,7.50,79.12,33.12,500.11,6.00,0.00,30.00,6.00,160,0
1086,39,110.00,22.22,19.20,7.50,79.12,33.12,500.11,6.00,0.00,30.00,6.00,160,0
1086,40,110.00,22.22,19.20,7.50,79.12,33.12,500.11,6.00,0.00,30.00,6.00,160,0
1086,41,110.00,22.22,19.20,7.50,79.12,33.12,500.11,6.00,0.00,30.00,6.00,160,0
1086,42,110.00,22.22,19.20,7.50,79.12,33.12,500.11,6.00,0.00,30.00,6.00,160,0
1086,43,110.00,22.22,19.20,7.50,79.12,33.12,500.11,6.00,0.00,30.00,6.00,160,0
1086,44,110.00,22.22,19.20,7.50,79.12,33.12,500.11,6.00,0.00,30.00,6.00,160,0
1086,45,110.00,22.22,19.20,7.50,79.12,33.12,500.11,6.00,0.00,30.00,6.00,160,0
1086,46,110.00,22.22,19.20,7.50,79.12,33.12,500.11,6.00,0.00,30.00,6.00,160,0
1086,47,110.00,22.22,19.20,7.50,79.12,33.12,500.11,6.00,0.00,30.00,6.00,160,0
1086,48,110.00,22.22,19.20,7.50,79.12,33.12,500.11,6.00,0.00,30.00,6.00,160,0
1086,49,110.00,22.22,19.20,7.50,79.12,33.12,500.11,6.00,0.00,30.00,6.00,160,0
1086,50,110.00,22.22,19.20,7.50,79.12,33.12,500.11,6.00,0.00,30.00,6.00,160,0
1086,51,110.00,22.22,19.20,7.50,79.12,33.12,500.11,6.00,0.00,30.00,6.00,160,0
1086,52,110.00,22.22,19.20,7.50,79.12,33.12,500.11,6.00,0.00,30.00,6.00,160,0
1086,53,110.00,22.22,19.20,7.50,79.12,33.12,500.11,6.00,0.00,30.00,6.00,160,0
1086,54,110.00,22.22,19.20,7.50,79.12,33.12,500.11,6.00,0.00,30.00,6.00,160,0
1086,55,110.00,22.22,19.20,7.50,79.12,33.12,500.11,6.00,0.00,30.00,6.00,160,0
1086,56,110.00,22.22,19.20,7.50,79.12,33.12,500.11,6.00,0.00,30.00,6.00,160,0
1086,57,110.00,22.22,19.20,7.50,79.12,33.12,500.11,6.00,0.00,30.00,6.00,160,0
1086,58,110.00,22.22,19.20,7.50,79.12,33.12,500.11,6.00,0.00,30.00,6.00,160,0
1086,59,110.00,22.22,19.20,7.50,79.12,33.12,500.11,6.00,0.00,30.00,6.00,160,0
1086,60,110.00,22.22,19.20,7.50,79.12,33.12,500.11,6.00,0.00,30.00,6.00,160,0
1086,61,110.00,22.22,19.20,7.50,79.12,33.12,500.11,6.00,0.00,30.00,6.00,160,0
1086,62,110.00,22.22,19.20,7.50,79.12,33.12,500.11,6.00,0.00,30.00,6.00,160,0
1086,63,110.00,22.22,19.20,7.50,79.12,33.12,500.11,6.00,0.00,30.00,6.00,160,0
1086,64,110.00,22.22,19.20,7.50,79.12,33.12,500.11,6.00,0.00,30.00,6.00,160,0
1086,65,110.00,22.22,19.20,7.50,79.12,33.12,500.11,6.00,0.00,30.00,6.00,160,0
1086,66,110.00,22.22,19.20,7.50,79.12,33.12,500.11,6.00,0.00,30.00,6.00,160,0
1086,67,110.00,22.22,19.20,7.50,79.12,33.12,500.11,6.00,0.00,30.00,6.00,160,0
1086,68,110.00,22.22,19.20,7.50,79.12,33.12,500.11,6.00,0.00,30.00,6.00,160,0
1086,69,110.00,22.22,19.20,7.50,79.12,33.12,500.11,6.00,0.00,30.00,6.00,160,0
1086,70,110.00,22.22,19.20,7.50,79.12,33.12,500.11,6.00,0.00,30.00,6.00,160,0
1086,71,110.00,22.22,19.20,7.50,79.12,33.12,500.11,6.00,0.00,30.00,6.00,160,0
1086,72,110.00,22.22,19.20,7.50,79.12,33.12,500.11,6.00,0.00,30.00,6.00,160,0
1086,73,110.00,22.22,19.20,7.50,79.12,33.12,500.11,6.00,0.00,30.00,6.00,160,0
1086,74,110.00,22.22,19.20,7.50,79.12,33.12,500.11,6.00,0.00,30.00,6.00,160,0
1086,75,110.00,22.22,19.20,7.50,79.12,33.12,500.11,6.00,0.00,30.00,6.00,160,0
1086,76,110.00,22.22,19.20,7.50,79.12,33.12,500.11,6.00,0.00,30.00,6.00,160,0
1086,77,110.00,22.22,19.20,7.50,79.12,33.12,500.11,6.00,0.00,30.00,6.00,160,0
1086,78,110.00,22.22,19.20,7.50,79.12,33.12,500.11,6.00,0.00,30.00,6.00,160,0
1086,79,110.00,22.22,19.20,7.50,79.12,33.12,500.11,6.00,0.00,30.00,6.00,160,0
1086,80,110.00,22.22,19.20,7.50,79.12,33.12,500.11,6.00,0.00,30.00,6.00,160,0
1086,81,110.00,22.22,19.20,7.50,79.12,33.12,500.11,6.00,0.00,30.00,6.00,160,0
1086,82,110.00,22.22,19.20,7.50,79.12,33.12,500.11,6.00,0.00,30.00,6.00,160,0
1086,83,110.00,22.22,19.20,7.50,79.12,33.12,500.11,6.00,0.00,30.00,6.00,160,0
1086,84,110.00,22.22,19.20,7.50,79.12,33.12,500.11,6.00,0.00,30.00,6.00,160,0
1086,85,110.00,22.22,19.20,7.50,79.12,33.12,500.11,6.00,0.00,30.00,6.00,160,0
1086,86,110.00,22.22,19.20,7.50,79.12,33.12,500.11,6.00,0.00,30.00,6.00,160,0
1086,87,110.00,22.22,19.20,7.50,79.12,33.12,500.11,6.00,0.00,30.00,6.00,160,0
1086,88,110.00,22.22,19.20,7.50,79.12,33.12,500.11,6.00,0.00,30.00,6.00,160,0
1086,89,110.00,22.22,19.20,7.50,79.12,33.12,500.11,6.00,0.00,30.00,6.00,160,0
1086,90,110.00,22.22,19.20,7.50,79.12,33.12,500.11,6.00,0.00,30.00,6.00,160,0
1086,91,110.00,22.22,19.20,7.50,79.12,33.12,500.11,6.00,0.00,30.00,6.00,160,0
1086,92,110.00,22.22,19.20,7.50,79.12,33.12,500.11,6.00,0.00,30.00,6.00,160,0
1086,93,110.00,22.22,19.20,7.50,79.12,33.12,500.11,6.00,0.00,30.00,6.00,160,0
1086,94,110.00,22.22,19.20,7.50,79.12,33.12,500.11,6.00,0.00,30.00,6.00,160,0
1086,95,110.00,22.22,19.20,7.50,79.12,33.12,500.11,6.00,0.00,30.00,6.00,160,0
1086,96,110.00,22.22,19.20,7.50,79.12,33.12,500.11,6.00,0.00,30.00,6.00,160,0
1086,97,110.00,22.22,19.20,7.50,79.12,33.12,500.11,6.00,0.00,30.00,6.00,160,0
1086,98,110.00,22.22,19.20,7.50,79.12,33.12,500.11,6.00,0.00,30.00,6.00,160,0
1086,99,110.00,22.22,19.20,7.50,79.12,33.12,500.11,6.00,0.00,30.00,6.00,160,0
1086,100,110.00,22.22,19.20,7.50,79.12,33.12,500.11,6.00,0.00,30.00,6.00,160,0
1086,101,110.00,22.22,19.20,7.50,79.12,33.12,500.11,6.00,0.00,30.00,6.00,160,0
1086,102,110.00,22.22,19.20,7.50,79.12,33.12,500.11,6.00,0.00,30.00,6.00,160,0
1086,103,110.00,22.22,19.20,7.50,79.12,33.12,500.11,6.00,0.00,30.00,6.00,160,0
1086,104,110.00,22.22,19.20,7.50,79.12,33.12,500.11,6.00,0.00,30.00,6.00,160,0
1086,105,110.00,22.22,19.20,7.50,79.12,33.12,500.11,6.00,0.00,30.00,6.00,160,0
1086,106,110.00,22.22,19.20,7.50,79.12,33.12,500.11,6.00,0.00,30.00,6.00,160,0
1086,107,110.00,22.22,19.20,7.50,79.12,33.12,500.11,6.00,0.00,30.00,6.00,160,0
1086,108,110.00,22.22,19.20,7.50,79.12,33.12,500.11,6.00,0.00,30.00,6.00,160,0
1086,109,110.00,22.22,19.20,7.50,79.12,33.12,500.11,6.00,0.00,30.00,6.00,160,0
1086,110,110.00,22.22,19.20,7.50,79.12,33.12,500.11,6.00,0.00,30.00,6.00,160,0
1086,111,110.00,22.22,19.20,7.50,79.12,33.12,500.11,6.00,0.00,30.00,6.00,160,0
1086,112,110.00,22.22,19.20,7.50,79.12,33.12,500.11,6.00,0.00,30.00,6.00,160,0
1086,113,110.00,22.22,19.20,7.50,79.12,33.12,500.11,6.00,0.00,30.00,6.00,160,0
1086,114,110.00,22.22,19.20,7.50,79.12,33.12,500.11,6.00,0.00,30.00,6.00,160,0
1086,115,110.00,22.22,19.20,7.50,79.12,33.12,500.11,6.00,0.00,30.00,6.00,160,0
1086,116,110.00,22.22,19.20,7.50,79.12,33.12,500.11,6.00,0.00,30.00,6.00,160,0
1086,117,110.00,22.22,19.20,7.50,79.12,33.12,500.11,6.00,0.00,30.00,6.00,160,0
1086,118,110.00,22.22,19.20,7.50,79.12,33.12,500.11,6.00,0.00,30.00,6.00,160,0
1086,119,110.00,22.22,19.20,7.50,79.12,33.12,500.11,6.00,0.00,30.00,6.00,160,0
1086,120,110.00,22.22,19.20,7.50,79.12,33.12,500.11,6.00,0.00,30.00,6.00,160,0
1086,121,110.00,22.22,19.20,7.50,79.12,33.12,500.11,6.00,0.00,30.00,6.00,160,0
1086,122,110.00,22.22,19.20,7.50,79.12,33.12,500.11,6.00,0.00,30.00,6.00,160,0
1086,123,110.00,22.22,19.20,7.50,79.12,33.12,500.11,6.00,0.00,30.00,6.00,160,0
1086,124,110.00,22.22,19.20,7.50,79.12,33.12,500.11,6.00,0.00,30.00,6.00,160,0
1086,125,110.00,22.22,19.20,7.50,79.12,33.12,500.11,6.00,0.00,30.00,6.00,160,0
1086,126,110.00,22.22,19.20,7.50,79.12,33.12,500.11,6.00,0.00,30.00,6.00,160,0
1086,127,110.00,22.22,19.20,7.50,79.12,33.12,500.11,6.00,0.00,30.00,6.00,160,0
1086,128,110.00,22.22,19.20,7.50,79.12,33.12,500.11,6.00,0.00,30.00,6.00,160,0
1086,129,110.00,22.22,19.20,7.50,79.12,33.12,500.11,6.00,0.00,30.00,6.00,160,0
1086,130,110.00,22.22,19.20,7.50,79.12,33.12,500.11,6.00,0.00,30.00,6.00,160,0
1086,131,110.00,22.22,19.20,7.50,79.12,33.12,500.11,6.00,0.00,30.00,6.00,160,0
1086,132,110.00,22.22,19.20,7.50,79.12,33.12,500.11,6.00,0.00,30.00,6.00,160,0
1086,133,110.00,22.22,19.20,7.50,79.12,33.12,500.11,6.00,0.00,30.00,6.00,160,0
1086,134,110.00,22.22,19.20,7.50,79.12,33.12,500.11,6.00,0.00,30.00,6.00,160,0
1086,135,110.00,22.22,19.20,7.50,79.12,33.12,500.11,6.00,0.00,30.00,6.00,160,0
1086,136,110.00,22.22,19.20,7.50,79.12,33.12,500.11,6.00,0.00,30.00,6.00,160,0
1086,137,110.00,22.22,19.20,7.50,79.12,33.12,500.11,6.00,0.00,30.00,6.00,160,0
1086,138,110.00,22.22,19.20,7.50,79.12,33.12,500.11,6.00,0.00,30.00,6.00,160,0
1086,139,110.00,22.22,19.20,7.50,79.12,33.12,500.11,6.00,0.00,30.00,6.00,160,0
1086,140,110.00,22.22,19.20,7.50,79.12,33.12,500.11,6.00,0.00,30.00,6.00,160,0
1086,141,110.00,22.22,19.20,7.50,79.12,33.12,500.11,6.00,0.00,30.00,6.00,160,0
1086,142,110.00,22.22,19.20,7.50,79.12,33.12,500.11,6.00,0.00,30.00,6.00,160,0
1086,143,110.00,22.22,19.20,7.50,79.12,33.12,500.11,6.00,0.00,30.00,6.00,160,0
1086,144,110.00,22.22,19.20,7.50,79.12,33.12,500.11,6.00,0.00,30.00,6.00,160,0
1086,145,110.00,22.22,19.20,7.50,79.12,33.12,500.11,6.00,0.00,30.00,6.00,160,0
1086,146,110.00,22.22,19.20,7.50,79.12,33.12,500.11,6.00,0.00,30.00,6.00,160,0
1086,147,110.00,22.22,19.20,7.50,79.12,33.12,500.11,6.00,0.00,30.00,6.00,160,0
1086,148,110.00,22.22,19.20,7.50,79.12,33.12,500.11,6.00,0.00,30.00,6.00,160,0
1086,149,110.00,22.22,19.20,7.50,79.12,33.12,500.11,6.00,0.00,30.00,6.00,160,0
1086,150,110.00,22.22,19.20,7.50,79.12,33.12,500.11,6.00,0.00,30.00,6.00,160,0
1086,151,110.00,22.22,19.20,7.50,79.12,33.12,500.11,6.00,0.00,30.00,6.00,160,0
1086,152,110.00,22.22,19.20,7.50,79.12,33.12,500.11,6.00,0.00,30.00,6.00,160,0
1086,153,110.00,22.22,19.20,7.50,79.12,33.12,500.11,6.00,0.00,30.00,6.00,160,0
1086,154,110.00,22.22,19.20,7.50,79.12,33.12,500.11,6.00,0.00,30.00,6.00,160,0
1086,155,110.00,22.22,19.20,7.50,79.12,33.12,500.11,6.00,0.00,30.00,6.00,160,0
1086,156,110.00,22.22,19.20,7.50,79.12,33.12,500.11,6.00,0.00,30.00,6.00,160,0
1086,157,110.00,22.22,19.20,7.50,79.12,33.12,500.11,6.00,0.00,30.00,6.00,160,0
1086,158,110.00,22.22,19.20,7.50,79.12,33.12,500.11,6.00,0.00,30.00,6.00,160,0
1086,159,110.00,22.22,19.20,7.50,79.12,33.12,500.11,6.00,0.00,30.00,6.00,160,0
1086,160,110.00,22.22,19.20,7.50,79.12,33.12,500.11,6.00,0.00,30.00,6.00,160,0
1086,161,110.00,22.22,19.20,7.50,79.12,33.12,500.11,6.00,0.00,30.00,6.00,160,0
1086,162,110.00,22.22,19.20,7.50,79.12,33.12,500.11,6.00,0.00,30.00,6.00,160,0
1086,163,110.00,22.22,19.20,7.50,79.12,33.12,500.11,6.00,0.00,30.00,6.00,160,0
1086,164,110.00,22.22,19.20,7.50,79.12,33.12,500.11,6.00,0.00,30.00,6.00,160,0
1086,165,110.00,22.22,19.20,7.50,79.12,33.12,500.11,6.00,0.00,30.00,6.00,160,0
1086,166,110.00,22.22,19.20,7.50,79.12,33.12,500.11,6.00,0.00,30.00,6.00,160,0
1086,167,110.00,22.22,19.20,7.50,79.12,33.12,500.11,6.00,0.00,30.00,6.00,160,0
1086,168,110.00,22.22,19.20,7.50,79.12,33.12,500.11,6.00,0.00,30.00,6.00,160,0
1086,169,110.00,22.22,19.20,7.50,79.12,33.12,500.11,6.00,0.00,30.00,6.00,160,0
1086,170,110.00,22.22,19.20,7.50,79.12,33.12,500.11,6.00,0.00,30.00,6.00,160,0
1086,171,110.00,22.22,19.20,7.50,79.12,33.12,500.11,6.00,0.00,30.00,6.00,160,0
1086,172,110.00,22.22,19.20,7.50,79.12,33.12,500.11,6.00,0.00,30.00,6.00,160,0
1086,173,110.00,22.22,19.20,7.50,79.12,33.12,500.11,6.00,0.00,30.00,6.00,160,0
1086,174,110.00,22.22,19.20,7.50,79.12,33.12,500.11,6.00,0.00,30.00,6.00,160,0
1086,175,110.00,22.22,19.20,7.50,79.12,33.12,500.11,6.00,0.00,30.00,6.00,160,0
1086,176,110.00,22.22,19.20,7.50,79.12,33.12,500.11,6.00,0.00,30.00,6.00,160,0
1086,177,110.00,22.22,19.20,7.50,79.12,33.12,500.11,6.00,0.00,30.00,6.00,160,0
1086,178,110.00,22.22,19.20,7.50,79.12,33.12,500.11,6.00,0.00,30.00,6.00,160,0
1086,179,110.00,22.22,19.20,7.50,79.12,33.12,500.11,6.00,0.00,30.00,6.00,160,0
1086,180,110.00,22.22,19.20,7.50,79.12,33.12,500.11,6.00,0.00,30.00,6.00,160,0
1086,181,110.00,22.22,19.20,7.50,79.12,33.12,500.11,6.00,0.00,30.00,6.00,160,0
1086,182,110.00,22.22,19.20,7.50,79.12,33.12,500.11,6.00,0.00,30.00,6.00,160,0
1086,183,110.00,22.22,19.20,7.50,79.12,33.12,500.11,6.00,0.00,30.00,6.00,160,0
1086,184,110.00,22.22,19.20,7.50,79.12,33.12,500.11,6.00,0.00,30.00,6.00,160,0
1086,185,110.00,22.22,19.20,7.50,79.12,33.12,500.11,6.00,0.00,30.00,6.00,160,0
1086,186,110.00,22.22,19.20,7.50,79.12,33.12,500.11,6.00,0.00,30.00,6.00,160,0
1086,187,110.00,22.22,19.20,7.50,79.12,33.12,500.11,6.00,0.00,30.00,6.00,160,0
1086,188,110.00,22.22,19.20,7.50,79.12,33.12,500.11,6.00,0.00,30.00,6.00,160,0
1086,189,110.00,22.22,19.20,7.50,79.12,33.12,500.11,6.00,0.00,30.00,6.00,160,0
1086,190,110.00,22.22,19.20,7.50,79.12,33.12,500.11,6.00,0.00,30.00,6.00,160,0
1086,191,110.00,22.22,19.20,7.50,79.12,33.12,500.11,6.00,0.00,30.00,6.00,160,0
1086,192,110.00,22.22,19.20,7.50,79.12,33.12,500.11,6.00,0.00,30.00,6.00,160,0
1086,193,110.00,22.22,19.20,7.50,79.12,33.12,500.11,6.00,0.00,30.00,6.00,160,0
1086,194,110.00,22.22,19.20,7.50,79.12,33.12,500.11,6.00,0.00,30.00,6.00,160,0
1086,195,110.00,22.22,19.20,7.50,79.12,33.12,500.11,6.00,0.00,30.00,6.00,160,0
1086,196,110.00,22.22,19.20,7.50,79.12,33.12,500.11,6.00,0.00,30.00,6.00,160,0
1086,197,110.00,22.22,19.20,7.50,79.12,33.12,500.11,6.00,0.00,30.00,6.00,160,0
1086,198,110.00,22.22,19.20,7.50,79.12,33.12,500.11,6.00,0.00,30.00,6.00,160,0
1086,199,110.00,22.22,19.20,7.50,79.12,33.12,500.11,6.00,0.00,30.00,6.00,160,0
1086,200,110.00,22.22,19.20,7.50,79.12,33.12,500.11,6.00,0.00,30.00,6.00,160,0
1086,201,110.00,22.22,19.20,7.50,79.12,33.12,500.11,6.00,0.00,30.00,6.00,160,0
1086,202,110.00,22.22,19.20,7.50,79.12,33.12,500.11,6.00,0.00,30.00,6.00,160,0
1086,203,110.00,22.22,19.20,7.50,79.12,33.12,500.11,6.00,0.00,30.00,6.00,160,0
1086,204,110.00,22.22,19.20,7.50,79.12,33.12,500.11,6.00,0.00,30.00,6.00,160,0
1086,205,110.00,22.22,19.20,7.50,79.12,33.12,500.11,6.00,0.00,30.00,6.00,160,0
1086,206,110.00,22.22,19.20,7.50,79.12,33.12,500.11,6.00,0.00,30.00,6.00,160,0
1086,207,110.00,22.22,19.20,7.50,79.12,33.12,500.11,6.00,0.00,30.00,6.00,160,0
1086,208,110.00,22.22,19.20,7.50,79.12,33.12,500.11,6.00,0.00,30.00,6.00,160,0
1086,209,110.00,22.22,19.20,7.50,79.12,33.12,500.11,6.00,0.00,30.00,6.00,160,0
1086,210,110.00,22.22,19.20,7.50,79.12,33.12,500.11,6.00,0.00,30.00,6.00,160,0
1086,211,110.00,22.22,19.20,7.50,79.12,33.12,500.11,6.00,0.00,30.00,6.00,160,0
1086,212,110.00,22.22,19.20,7.50,79.12,33.12,500.11,6.00,0.00,30.00,6.00,160,0
1086,213,110.00,22.22,19.20,7.50,79.12,33.12,500.11,6.00,0.00,30.00,6.00,160,0
1086,214,110.00,22.22,19.20,7.50,79.12,33.12,500.11,6.00,0.00,30.00,6.00,160,0
1086,215,110.00,22.22,19.20,7.50,79.12,33.12,500.11,6.00,0.00,30.00,6.00,160,0
1086,216,110.00,22.22,19.20,7.50,79.12,33.12,500.11,6.00,0.00,30.00,6.00,160,0
1086,217,110.00,22.22,19.20,7.50,79.12,33.12,500.11,6.00,0.00,30.00,6.00,160,0
1086,218,110.00,22.22,19.20,7.50,79.12,33.12,500.11,6.00,0.00,30.00,6.00,160,0
1086,219,110.00,22.22,19.20,7.50,79.12,33.12,500.11,6.00,0.00,30.00,6.00,160,0
1086,220,110.00,22.22,19.20,7.50,79.12,33.12,500.11,6.00,0.00,30.00,6.00,160,0
1086,221,110.00,22.22,19.20,7.50,79.12,33.12,500.11,6.00,0.00,30.00,6.00,160,0
1086,222,110.00,22.22,19.20,7.50,79.12,33.12,500.11,6.00,0.00,30.00,6.00,160,0
1086,223,110.00,22.22,19.20,7.50,79.12,33.12,500.11,6.00,0.00,30.00,6.00,160,0
1086,224,110.00,22.22,19.20,7.50,79.12,33.12,500.11,6.00,0.00,30.00,6.00,160,0
1086,225,110.00,22.22,19.20,7.50,79.12,33.12,500.11,6.00,0.00,30.00,6.00,160,0
1086,226,110.00,22.22,19.20,7.50,79.12,33.12,500.11,6.00,0.00,30.00,6.00,160,0
1086,227,110.00,22.22,19.20,7.50,79.12,33.12,500.11,6.00,0.00,30.00,6.00,160,0
1086,228,110.00,22.22,19.20,7.50,79.12,33.12,500.11,6.00,0.00,30.00,6.00,160,0
1086,229,110.00,22.22,19.20,7.50,79.12,33.12,500.11,6.00,0.00,30.00,6.00,160,0
1086,230,110.00,22.22,19.20,7.50,79.12,33.12,500.11,6.00,0.00,30.00,6.00,160,0
1086,231,110.00,22.22,19.20,7.50,79.12,33.12,500.11,6.00,0.00,30.00,6.00,160,0
1086,232,110.00,22.22,19.20,7.50,79.12,33.12,500.11,6.00,0.00,30.00,6.00,160,0
1086,233,110.00,22.22,19.20,7.50,79.12,33.12,500.11,6.00,0.00,30.00,6.00,160,0
1086,234,110.00,22.22,19.20,7.50,79.12,33.12,500.11,6.00,0.00,30.00,6.00,160,0
1086,235,110.00,22.22,19.20,7.50,79.12,33.12,500.11,6.00,0.00,30.00,6.00,160,0
1086,236,110.00,22.22,19.20,7.50,79.12,33.12,500.11,6.00,0.00,30.00,6.00,160,0
1086,237,110.00,22.22,19.20,7.50,79.12,33.12,500.11,6.00,0.00,30.00,6.00,160,0
1086,238,110.00,22.22,19.20,7.50,79.12,33.12,500.11,6.00,0.00,30.00,6.00,160,0
1086,239,110.00,22.22,19.20,7.50,79.12,33.12,500.11,6.00,0.00,30.00,6.00,160,0
1086,240,110.00,22.22,19.20,7.50,79.12,33.12,500.11,6.00,0.00,30.00,6.00,160,0
1086,241,110.00,22.22,19.20,7.50,79.12,33.12,500.11,6.00,0.00,30.00,6.00,160,0
1086,242,110.00,22.22,19.20,7.50,79.12,33.12,500.11,6.00,0.00,30.00,6.00,160,0
1086,243,110.00,22.22,19.20,7.50,79.12,33.12,500.11,6.00,0.00,30.00,6.00,160,0
1086,244,110.00,22.22,19.20,7.50,79.12,33.12,500.11,6.00,0.00,30.00,6.00,160,0
1086,245,110.00,22.22,19.20,7.50,79.12,33.12,500.11,6.00,0.00,30.00,6.00,160,0
1086,246,110.00,22.22,19.20,7.50,79.12,33.12,500.11,6.00,0.00,30.00,6.00,160,0
1086,247,110.00,22.22,19.20,7.50,79.12,33.12,500.11,6.00,0.00,30.00,6.00,160,0
1086,248,110.00,22.22,19.20,7.50,79.12,33.12,500.11,6.00,0.00,30.00,6.00,160,0
1086,249,110.00,22.22,19.20,7.50,79.12,33.12,500.11,6.00,0.00,30.00,6.00,160,0
1086,250,110.00,22.22,19.20,7.50,79.12,33.12,500.11,6.00,0.00,30.00,6.00,160,0
1086,251,110.00,22.22,19.20,7.50,79.12,33.12,500.11,6.00,0.00,30.00,6.00,160,0
1086,252,110.00,22.22,19.20,7.50,79.12,33.12,500.11,6.00,0.00,30.00,6.00,160,0
1086,253,110.00,22.22,19.20,7.50,79.12,33.12,500.11,6.00,0.00,30.00,6.00,160,0
1086,254,110.00,22.22,19.20,7.50,79.12,33.12,500.11,6.00,0.00,30.00,6.00,160,0
1086,255,110.00,22.22,19.20,7.50,79.12,33.12,500.11,6.00,0.00,30.00,6.00,160,0
1086,256,110.00,22.22,19.20,7.50,79.12,33.12,500.11,6.00,0.00,30.00,6.00,160,0
1086,257,110.00,22.22,19.20,7.50,79.12,33.12,500.11,6.00,0.00,30.00,6.00,160,0
1086,258,110.00,22.22,19.20,7.50,79.12,33.12,500.11,6.00,0.00,30.00,6.00,160,0
1086,259,110.00,22.22,19.20,7.50,79.12,33.12,500.11,6.00,0.00,30.00,6.00,160,0
1086,260,110.00,22.22,19.20,7.50,79.12,33.12,500.11,6.00,0.00,30.00,6.00,160,0
1086,261,110.00,22.22,19.20,7.50,79.12,33.12,500.11,6.00,0.00,30.00,6.00,160,0
1086,262,110.00,22.22,19.20,7.50,79.12,33.12,500.11,6.00,0.00,30.00,6.00,160,0
1086,263,110.00,22.22,19.20,7.50,79.12,33.12,500.11,6.00,0.00,30.00,6.00,160,0
1086,264,110.00,22.22,19.20,7.50,79.12,33.12,500.11,6.00,0.00,30.00,6.00,160,0
1086,265,110.00,22.22,19.20,7.50,79.12,33.12,500.11,6.00,0.00,30.00,6.00,160,0
1086,266,110.00,22.22,19.20,7.50,79.12,33.12,500.11,6.00,0.00,30.00,6.00,160,0
1086,267,110.00,22.22,19.20,7.50,79.12,33.12,500.11,6.00,0.00,30.00,6.00,160,0
1086,268,110.00,22.22,19.20,7.50,79.12,33.12,500.11,6.00,0.00,30.00,6.00,160,0
1086,269,110.00,22.22,19.20,7.50,79.12,33.12,500.11,6.00,0.00,30.00,6.00,160,0
1086,270,110.00,22.22,19.20,7.50,79.12,33.12,500.11,6.00,0.00,30.00,6.00,160,0
1086,271,110.00,22.22,19.20,7.50,79.12,33.12,500.11,6.00,0.00,30.00,6.00,160,0
1086,272,110.00,22.22,19.20,7.50,79.12,33.12,500.11,6.00,0.00,30.00,6.00,160,0
1086,273,110.00,22.22,19.20,7.50,79.12,33.12,500.11,6.00,0.00,30.00,6.00,160,0
1086,274,110.00,22.22,19.20,7.50,79.12,33.12,500.11,6.00,0.00,30.00,6.00,160,0
1086,275,110.00,22.22,19.20,7.50,79.12,33.12,500.11,6.00,0.00,30.00,6.00,160,0
1086,276,110.00,22.22,19.20,7.50,79.12,33.12,500.11,6.00,0.00,30.00,6.00,160,0
1086,277,110.00,22.22,19.20,7.50,79.12,33.12,500.11,6.00,0.00,30.00,6.00,160,0
1086,278,110.00,22.22,19.20,7.50,79.12,33.12,500.11,6.00,0.00,30.00,6.00,160,0
1086,279,110.00,22.22,19.20,7.50,79.12,33.12,500.11,6.00,0.00,30.00,6.00,160,0
1086,280,110.00,22.22,19.20,7.50,79.12,33.12,500.11,6.00,0.00,30.00,6.00,160,0
1086,281,110.00,22.22,19.20,7.50,79.12,33.12,500.11,6.00,0.00,30.00,6.00,160,0
1086,282,110.00,22.22,19.20,7.50,79.12,33.12,500.11,6.00,0.00,30.00,6.00,160,0
1086,283,110.00,22.22,19.20,7.50,79.12,33.12,500.11,6.00,0.00,30.00,6.00,160,0
1086,284,110.00,22.22,19.20,7.50,79.12,33.12,500.11,6.00,0.00,30.00,6.00,160,0
1086,285,110.00,22.22,19.20,7.50,79.12,33.12,500.11,6.00,0.00,30.00,6.00,160,0
1086,286,110.00,22.22,19.20,7.50,79.12,33.12,500.11,6.00,0.00,30.00,6.00,160,0
1086,287,110.00,22.22,19.20,7.50,79.12,33.12,500.11,6.00,0.00,30.00,6.00,160,0
1086,288,110.00,22.22,19.20,7.50,79.12,33.12,500.11,6.00,0.00,30.00,6.00,160,0
1086,289,110.00,22.22,19.20,7.50,79.12,33.12,500.11,6.00,0.00,30.00,6.00,160,0
1086,290,110.00,22.22,19.20,7.50,79.12,33.12,500.11,6.00,0.00,30.00,6.00,160,0
1086,291,110.00,22.22,19.20,7.50,79.12,33.12,500.11,6.00,0.00,30.00,6.00,160,0
1086,292,110.00,22.22,19.20,7.50,79.12,33.12,500.11,6.00,0.00,30.00,6.00,160,0
1086,293,110.00,22.22,19.20,7.50,79.12,33.12,500.11,6.00,0.00,30.00,6.00,160,0
1086,294,110.00,22.22,19.20,7.50,79.12,33.12,500.11,6.00,0.00,30.00,6.00,160,0
1086,295,110.00,22.22,19.20,7.50,79.12,33.12,500.11,6.00,0.00,30.00,6.00,160,0
1086,296,110.00,22.22,19.20,7.50,79.12,33.12,500.11,6.00,0.00,30.00,6.00,160,0
1086,297,110.00,22.22,19.20,7.50,79.12,33.12,500.11,6.00,0.00,30.00,6.00,160,0
1086,298,110.00,22.22,19.20,7.50,79.12,33.12,500.11,6.00,0.00,30.00,6.00,160,0
1086,299,110.00,22.22,19.20,7.50,79.12,33.12,500.11,6.00,0.00,30.00,6.00,160,0
1086,300,110.00,22.22,19.20,7.50,79.12,33.12,500.11,6.00,0.00,30.00,6.00,160,0
1086,301,110.00,22.22,19.20,7.50,79.12,33.12,500.11,6.00,0.00,30.00,6.00,160,0
1086,302,110.00,22.22,19.20,7.50,79.12,33.12,500.11,6.00,0.00,30.00,6.00,160,0
1086,303,110.00,22.22,19.20,7.50,79.12,33.12,500.11,6.00,0.00,30.00,6.00,160,0
1086,304,110.00,22.22,19.20,7.50,79.12,33.12,500.11,6.00,0.00,30.00,6.00,160,0
1086,305,110.00,22.22,19.20,7.50,79.12,33.12,500.11,6.00,0.00,30.00,6.00,160,0
1086,306,110.00,22.22,19.20,7.50,79.12,33.12,500.11,6.00,0.00,30.00,6.00,160,0
1086,307,110.00,22.22,19.20,7.50,79.12,33.12,500.11,6.00,0.00,30.00,6.00,160,0
1086,308,110.00,22.22,19.20,7.50,79.12,33.12,500.11,6.00,0.00,30.00,6.00,160,0
1086,309,110.00,22.22,19.20,7.50,79.12,33.12,500.11,6.00,0.00,30.00,6.00,160,0
1086,310,110.00,22.22,19.20,7.50,79.12,33.12,500.11,6.00,0.00,30.00,6.00,160,0
1086,311,110.00,22.22,19.20,7.50,79.12,33.12,500.11,6.00,0.00,30.00,6.00,160,0
1086,312,110.00,22.22,19.20,7.50,79.12,33.12,500.11,6.00,0.00,30.00,6.00,160,0
1086,313,110.00,22.22,19.20,7.50,79.12,33.12,500.11,6.00,0.00,30.00,6.00,160,0
1086,314,110.00,22.22,19.20,7.50,79.12,33.12,500.11,6.00,0.00,30.00,6.00,160,0
1086,315,110.00,22.22,19.20,7.50,79.12,33.12,500.11,6.00,0.00,30.00,6.00,160,0
1086,316,110.00,22.22,19.20,7.50,79.12,33.12,500.11,6.00,0.00,30.00,6.00,160,0
1086,317,110.00,22.22,19.20,7.50,79.12,33.12,500.11,6.00,0.00,30.00,6.00,160,0
1086,318,110.00,22.22,19.20,7.50,79.12,33.12,500.11,6.00,0.00,30.00,6.00,160,0
1086,319,110.00,22.22,19.20,7.50,79.12,33.12,500.11,6.00,0.00,30.00,6.00,160,0
1086,320,110.00,22.22,19.20,7.50,79.12,33.12,500.11,6.00,0.00,30.00,6.00,160,0
1086,321,110.00,22.22,19.20,7.50,79.12,33.12,500.11,6.00,0.00,30.00,6.00,160,0
1086,322,110.00,22.22,19.20,7.50,79.12,33.12,500.11,6.00,0.00,30.00,6.00,160,0
1086,323,110.00,22.22,19.20,7.50,79.12,33.12,500.11,6.00,0.00,30.00,6.00,160,0
1086,324,110.00,22.22,19.20,7.50,79.12,33.12,500.11,6.00,0.00,30.00,6.00,160,0
1086,325,110.00,22.22,19.20,7.50,79.12,33.12,500.11,6.00,0.00,30.00,6.00,160,0
1086,326,110.00,22.22,19.20,7.50,79.12,33.12,500.11,6.00,0.00,30.00,6.00,160,0
1086,327,110.00,22.22,19.20,7.50,79.12,33.12,500.11,6.00,0.00,30.00,6.00,160,0
1086,328,110.00,22.22,19.20,7.50,79.12,33.12,500.11,6.00,0.00,30.00,6.00,160,0
1086,329,110.00,22.22,19.20,7.50,79.12,33.12,500.11,6.00,0.00,30.00,6.00,160,0
1086,330,110.00,22.22,19.20,7.50,79.12,33.12,500.11,6.00,0.00,30.00,6.00,160,0
1086,331,110.00,22.22,19.20,7.50,79.12,33.12,500.11,6.00,0.00,30.00,6.00,160,0
1086,332,110.00,22.22,19.20,7.50,79.12,33.12,500.11,6.00,0.00,30.00,6.00,160,0
1086,333,110.00,22.22,19.20,7.50,79.12,33.12,500.11,6.00,0.00,30.00,6.00,160,0
1086,334,110.00,22.22,19.20,7.50,79.12,33.12,500.11,6.00,0.00,30.00,6.00,160,0
1086,335,110.00,22.22,19.20,7.50,79.12,33.12,500.11,6.00,0.00,30.00,6.00,160,0
1086,336,110.00,22.22,19.20,7.50,79.12,33.12,500.11,6.00,0.00,30.00,6.00,160,0
1086,337,110.00,22.22,19.20,7.50,79.12,33.12,500.11,6.00,0.00,30.00,6.00,160,0
1086,338,110.00,22.22,19.20,7.50,79.12,33.12,500.11,6.00,0.00,30.00,6.00,160,0
1086,339,110.00,22.22,19.20,7.50,79.12,33.12,500.11,6.00,0.00,30.00,6.00,160,0
1086,340,110.00,22.22,19.20,7.50,79.12,33.12,500.11,6.00,0.00,30.00,6.00,160,0
1086,341,110.00,22.22,19.20,7.50,79.12,33.12,500.11,6.00,0.00,30.00,6.00,160,0
1086,342,110.00,22.22,19.20,7.50,79.12,33.12,500.11,6.00,0.00,30.00,6.00,160,0
1086,343,110.00,22.22,19.20,7.50,79.12,33.12,500.11,6.00,0.00,30.00,6.00,160,0
1086,344,110.00,22.22,19.20,7.50,79.12,33.12,500.11,6.00,0.00,30.00,6.00,160,0
1086,345,110.00,22.22,19.20,7.50,79.12,33.12,500.11,6.00,0.00,30.00,6.00,160,0
1086,346,110.00,22.22,19.20,7.50,79.12,33.12,500.11,6.00,0.00,30.00,6.00,160,0
1086,347,110.00,22.22,19.20,7.50,79.12,33.12,500.11,6.00,0.00,30.00,6.00,160,0
1086,348,110.00,22.22,19.20,7.50,79.12,33.12,500.11,6.00,0.00,30.00,6.00,160,0
1086,349,110.00,22.22,19.20,7.50,79.12,33.12,500.11,6.00,0.00,30.00,6.00,160,0
1086,350,110.00,22.22,19.20,7.50,79.12,33.12,500.11,6.00,0.00,30.00,6.00,160,0
1086,351,110.00,22.22,19.20,7.50,79.12,33.12,500.11,6.00,0.00,30.00,6.00,160,0
1086,352,110.00,22.22,19.20,7.50,79.12,33.12,500.11,6.00,0.00,30.00,6.00,160,0
1086,353,110.00,22.22,19.20,7.50,79.12,33.12,500.11,6.00,0.00,30.00,6.00,160,0
1086,354,110.00,22.22,19.20,7.50,79.12,33.12,500.11,6.00,0.00,30.00,6.00,160,0
1086,355,110.00,22.22,19.20,7.50,79.12,33.12,500.11,6.00,0.00,30.00,6.00,160,0
1086,356,110.00,22.22,19.20,7.50,79.12,33.12,500.11,6.00,0.00,30.00,6.00,160,0
1086,357,110.00,22.22,19.20,7.50,79.12,33.12,500.11,6.00,0.00,30.00,6.00,160,0
1086,358,110.00,22.22,19.20,7.50,79.12,33.12,500.11,6.00,0.00,30.00,6.00,160,0
1086,359,110.00,22.22,19.20,7.50,79.12,33.12,500.11,6.00,0.00,30.00,6.00,160,0
1086,360,110.00,22.22,19.20,7.50,79.12,33.12,500.11,6.00,0.00,30.00,6.00,160,0
1086,361,110.00,22.22,19.20,7.50,79.12,33.12,500.11,6.00,0.00,30.00,6.00,160,0
1086,362,110.00,22.22,19.20,7.50,79.12,33.12,500.11,6.00,0.00,30.00,6.00,160,0
1086,363,110.00,22.22,19.20,7.50,79.12,33.12,500.11,6.00,0.00,30.00,6.00,160,0
1086,364,110.00,22.22,19.20,7.50,79.12,33.12,500.11,6.00,0.00,30.00,6.00,160,0
1086,365,110.00,22.22,19.20,7.50,79.12,33.12,500.11,6.00,0.00,30.00,6.00,160,0
1086,366,110.00,22.22,19.20,7.50,79.12,33.12,500.11,6.00,0.00,30.00,6.00,160,0
1086,367,110.00,22.22,19.20,7.50,79.12,33.12,500.11,6.00,0.00,30.00,6.00,160,0
1086,368,110.00,22.22,19.20,7.50,79.12,33.12,500.11,6.00,0.00,30.00,6.00,160,0
1086,369,110.00,22.22,19.20,7.50,79.12,33.12,500.11,6.00,0.00,30.00,6.00,160,0
1086,370,110.00,22.22,19.20,7.50,79.12,33.12,500.11,6.00,0.00,30.00,6.00,160,0
1086,371,110.00,22.22,19.20,7.50,79.12,33.12,500.11,6.00,0.00,30.00,6.00,160,0
1086,372,110.00,22.22,19.20,7.50,79.12,33.12,500.11,6.00,0.00,30.00,6.00,160,0
1086,373,110.00,22.22,19.20,7.50,79.12,33.12,500.11,6.00,0.00,30.00,6.00,160,0
1086,374,110.00,22.22,19.20,7.50,79.12,33.12,500.11,6.00,0.00,30.00,6.00,160,0
1086,375,110.00,22.22,19.20,7.50,79.12,33.12,500.11,6.00,0.00,30.00,6.00,160,0
1086,376,110.00,22.22,19.20,7.50,79.12,33.12,500.11,6.00,0.00,30.00,6.00,160,0
1086,377,110.00,22.22,19.20,7.50,79.12,33.12,500.11,6.00,0.00,30.00,6.00,160,0
1086,378,110.00,22.22,19.20,7.50,79.12,33.12,500.11,6.00,0.00,30.00,6.00,160,0
1086,379,110.00,22.22,19.20,7.50,79.12,33.12,500.11,6.00,0.00,30.00,6.00,160,0
1086,380,110.00,22.22,19.20,7.50,79.12,33.12,500.11,6.00,0.00,30.00,6.00,160,0
1086,381,110.00,22.22,19.20,7.50,79.12,33.12,500.11,6.00,0.00,30.00,6.00,160,0
1086,382,110.00,22.22,19.20,7.50,79.12,33.12,500.11,6.00,0.00,30.00,6.00,160,0
1086,383,110.00,22.22,19.20,7.50,79.12,33.12,500.11,6.00,0.00,30.00,6.00,160,0
1086,384,110.00,22.22,19.20,7.50,79.12,33.12,500.11,6.00,0.00,30.00,6.00,160,0
1086,385,110.00,22.22,19.20,7.50,79.12,33.12,500.11,6.00,0.00,30.00,6.00,160,0
1086,386,110.00,22.22,19.20,7.50,79.12,33.12,500.11,6.00,0.00,30.00,6.00,160,0
1086,387,110.00,22.22,19.20,7.50,79.12,33.12,500.11,6.00,0.00,30.00,6.00,160,0
1086,388,110.00,22.22,19.20,7.50,79.12,33.12,500.11,6.00,0.00,30.00,6.00,160,0
1086,389,110.00,22.22,19.20,7.50,79.12,33.12,500.11,6.00,0.00,30.00,6.00,160,0
1086,390,110.00,22.22,19.20,7.50,79.12,33.12,500.11,6.00,0.00,30.00,6.00,160,0
1086,391,110.00,22.22,19.20,7.50,79.12,33.12,500.11,6.00,0.00,30.00,6.00,160,0
1086,392,110.00,22.22,19.20,7.50,79.12,33.12,500.11,6.00,0.00,30.00,6.00,160,0
1086,393,110.00,22.22,19.20,7.50,79.12,33.12,500.11,6.00,0.00,30.00,6.00,160,0
1086,394,110.00,22.22,19.20,7.50,79.12,33.12,500.11,6.00,0.00,30.00,6.00,160,0
1086,395,110.00,22.22,19.20,7.50,79.12,33.12,500.11,6.00,0.00,30.00,6.00,160,0
1086,396,110.00,22.22,19.20,7.50,79.12,33.12,500.11,6.00,0.00,30.00,6.00,160,0
1086,397,110.00,22.22,19.20,7.50,79.12,33.12,500.11,6.00,0.00,30.00,6.00,160,0
1086,398,110.00,22.22,19.20,7.50,79.12,33.12,500.11,6.00,0.00,30.00,6.00,160,0
1086,399,110.00,22.22,19.20,7.50,79.12,33.12,500.11,6.00,0.00,30.00,6.00,160,0
1086,400,110.00,22.22,19.20,7.50,79.12,33.12,500.11,6.00,0.00,30.00,6.00,160,0
1086,401,110.00,22.22,19.20,7.50,79.12,33.12,500.11,6.00,0.00,30.00,6.00,160,0
1086,402,110.00,22.22,19.20,7.50,79.12,33.12,500.11,6.00,0.00,30.00,6.00,160,0
1086,403,110.00,22.22,19.20,7.50,79.12,33.12,500.11,6.00,0.00,30.00,6.00,160,0
1086,404,110.00,22.22,19.20,7.50,79.12,33.12,500.11,6.00,0.00,30.00,6.00,160,0
1086,405,110.00,22.22,19.20,7.50,79.12,33.12,500.11,6.00,0.00,30.00,6.00,160,0
1086,406,110.00,22.22,19.20,7.50,79.12,33.12,500.11,6.00,0.00,30.00,6.00,160,0
1086,407,110.00,22.22,19.20,7.50,79.12,33.12,500.11,6.00,0.00,30.00,6.00,160,0
1086,408,110.00,22.22,19.20,7.50,79.12,33.12,500.11,6.00,0.00,30.00,6.00,160,0
1086,409,110.00,22.22,19.20,7.50,79.12,33.12,500.11,6.00,0.00,30.00,6.00,160,0
1086,410,110.00,22.22,19.20,7.50,79.12,33.12,500.11,6.00,0.00,30.00,6.00,160,0
1086,411,110.00,22.22,19.20,7.50,79.12,33.12,500.11,6.00,0.00,30.00,6.00,160,0
1086,412,110.00,22.22,19.20,7.50,79.12,33.12,500.11,6.00,0.00,30.00,6.00,160,0
1086,413,110.00,22.22,19.20,7.50,79.12,33.12,500.11,6.00,0.00,30.00,6.00,160,0
1086,414,110.00,22.22,19.20,7.50,79.12,33.12,500.11,6.00,0.00,30.00,6.00,160,0
1086,415,110.00,22.22,19.20,7.50,79.12,33.12,500.11,6.00,0.00,30.00,6.00,160,0
1086,416,110.00,22.22,19.20,7.50,79.12,33.12,500.11,6.00,0.00,30.00,6.00,160,0
1086,417,110.00,22.22,19.20,7.50,79.12,33.12,500.11,6.00,0.00,30.00,6.00,160,0
1086,418,110.00,22.22,19.20,7.50,79.12,33.12,500.11,6.00,0.00,30.00,6.00,160,0
1086,419,110.00,22.22,19.20,7.50,79.12,33.12,500.11,6.00,0.00,30.00,6.00,160,0
1086,420,110.00,22.22,19.20,7.50,79.12,33.12,500.11,6.00,0.00,30.00,6.00,160,0
1086,421,110.00,22.22,19.20,7.50,79.12,33.12,500.11,6.00,0.00,30.00,6.00,160,0
1086,422,110.00,22.22,19.20,7.50,79.12,33.12,500.11,6.00,0.00,30.00,6.00,160,0
1086,423,110.00,22.22,19.20,7.50,79.12,33.12,500.11,6.00,0.00,30.00,6.00,160,0
1086,424,110.00,22.22,19.20,7.50,79.12,33.12,500.11,6.00,0.00,30.00,6.00,160,0
1086,425,110.00,22.22,19.20,7.50,79.12,33.12,500.11,6.00,0.00,30.00,6.00,160,0
1086,426,110.00,22.22,19.20,7.50,79.12,33.12,500.11,6.00,0.00,30.00,6.00,160,0
1086,427,110.00,22.22,19.20,7.50,79.12,33.12,500.11,6.00,0.00,30.00,6.00,160,0
1086,428,110.00,22.22,19.20,7.50,79.12,33.12,500.11,6.00,0.00,30.00,6.00,160,0
1086,429,110.00,22.22,19.20,7.50,79.12,33.12,500.11,6.00,0.00,30.00,6.00,160,0
1086,430,110.00,22.22,19.20,7.50,79.12,33.12,500.11,6.00,0.00,30.00,6.00,160,0
1086,431,110.00,22.22,19.20,7.50,79.12,33.12,500.11,6.00,0.00,30.00,6.00,160,0
1086,432,110.00,22.22,19.20,7.50,79.12,33.12,500.11,6.00,0.00,30.00,6.00,160,0
1086,433,110.00,22.22,19.20,7.50,79.12,33.12,500.11,6.00,0.00,30.00,6.00,160,0
1086,434,110.00,22.22,19.20,7.50,79.12,33.12,500.11,6.00,0.00,30.00,6.00,160,0
1086,435,110.00,22.22,19.20,7.50,79.12,33.12,500.11,6.00,0.00,30.00,6.00,160,0
1086,436,110.00,22.22,19.20,7.50,79.12,33.12,500.11,6.00,0.00,30.00,6.00,160,0
1086,437,110.00,22.22,19.20,7.50,79.12,33.12,500.11,6.00,0.00,30.00,6.00,160,0
1086,438,110.00,22.22,19.20,7.50,79.12,33.12,500.11,6.00,0.00,30.00,6.00,160,0
1086,439,110.00,22.22,19.20,7.50,79.12,33.12,500.11,6.00,0.00,30.00,6.00,160,0
1086,440,110.00,22.22,19.20,7.50,79.12,33.12,500.11,6.00,0.00,30.00,6.00,160,0
1086,441,110.00,22.22,19.20,7.50,79.12,33.12,500.11,6.00,0.00,30.00,6.00,160,0
1086,442,110.00,22.22,19.20,7.50,79.12,33.12,500.11,6.00,0.00,30.00,6.00,160,0
1086,443,110.00,22.22,19.20,7.50,79.12,33.12,500.11,6.00,0.00,30.00,6.00,160,0
1086,444,110.00,22.22,19.20,7.50,79.12,33.12,500.11,6.00,0.00,30.00,6.00,160,0
1086,445,110.00,22.22,19.20,7.50,79.12,33.12,500.11,6.00,0.00,30.00,6.00,160,0
1086,446,110.00,22.22,19.20,7.50,79.12,33.12,500.11,6.00,0.00,30.00,6.00,160,0
1086,447,110.00,22.22,19.20,7.50,79.12,33.12,500.11,6.00,0.00,30.00,6.00,160,0
1086,448,110.00,22.22,19.20,7.50,79.12,33.12,500.11,6.00,0.00,30.00,6.00,160,0
1086,449,110.00,22.22,19.20,7.50,79.12,33.12,500.11,6.00,0.00,30.00,6.00,160,0
1086,450,110.00,22.22,19.20,7.50,79.12,33.12,500.11,6.00,0.00,30.00,6.00,160,0
1086,451,110.00,22.22,19.20,7.50,79.12,33.12,500.11,6.00,0.00,30.00,6.00,160,0
1086,452,110.00,22.22,19.20,7.50,79.12,33.12,500.11,6.00,0.00,30.00,6.00,160,0
1086,453,110.00,22.22,19.20,7.50,79.12,33.12,500.11,6.00,0.00,30.00,6.00,160,0
1086,454,110.00,22.22,19.20,7.50,79.12,33.12,500.11,6.00,0.00,30.00,6.00,160,0
1086,455,110.00,22.22,19.20,7.50,79.12,33.12,500.11,6.00,0.00,30.00,6.00,160,0
1086,456,110.00,22.22,19.20,7.50,79.12,33.12,500.11,6.00,0.00,30.00,6.00,160,0
1086,457,110.00,22.22,19.20,7.50,79.12,33.12,500.11,6.00,0.00,30.00,6.00,160,0
1086,458,110.00,22.22,19.20,7.50,79.12,33.12,500.11,6.00,0.00,30.00,6.00,160,0
1086,459,110.00,22.22,19.20,7.50,79.12,33.12,500.11,6.00,0.00,30.00,6.00,160,0
1086,460,110.00,22.22,19.20,7.50,79.12,33.12,500.11,6.00,0.00,30.00,6.00,160,0
1086,461,110.00,22.22,19.20,7.50,79.12,33.12,500.11,6.00,0.00,30.00,6.00,160,0
1086,462,110.00,22.22,19.20,7.50,79.12,33.12,500.11,6.00,0.00,30.00,6.00,160,0
1086,463,110.00,22.22,19.20,7.50,79.12,33.12,500.11,6.00,0.00,30.00,6.00,160,0
1086,464,110.00,22.22,19.20,7.50,79.12,33.12,500.11,6.00,0.00,30.00,6.00,160,0
1086,465,110.00,22.22,19.20,7.50,79.12,33.12,500.11,6.00,0.00,30.00,6.00,160,0
1086,466,110.00,22.22,19.20,7.50,79.12,33.12,500.11,6.00,0.00,30.00,6.00,160,0
1086,467,110.00,22.22,19.20,7.50,79.12,33.12,500.11,6.00,0.00,30.00,6.00,160,0
1086,468,110.00,22.22,19.20,7.50,79.12,33.12,500.11,6.00,0.00,30.00,6.00,160,0
1086,469,110.00,22.22,19.20,7.50,79.12,33.12,500.11,6.00,0.00,30.00,6.00,160,0
1086,470,110.00,22.22,19.20,7.50,79.12,33.12,500.11,6.00,0.00,30.00,6.00,160,0
1086,471,110.00,22.22,19.20,7.50,79.12,33.12,500.11,6.00,0.00,30.00,6.00,160,0
1086,472,110.00,22.22,19.20,7.50,79.12,33.12,500.11,6.00,0.00,30.00,6.00,160,0
1086,473,110.00,22.22,19.20,7.50,79.12,33.12,500.11,6.00,0.00,30.00,6.00,160,0
1086,474,110.00,22.22,19.20,7.50,79.12,33.12,500.11,6.00,0.00,30.00,6.00,160,0
1086,475,110.00,22.22,19.20,7.50,79.12,33.12,500.11,6.00,0.00,30.00,6.00,160,0
1086,476,110.00,22.22,19.20,7.50,79.12,33.12,500.11,6.00,0.00,30.00,6.00,160,0
1086,477,110.00,22.22,19.20,7.50,79.12,33.12,500.11,6.00,0.00,30.00,6.00,160,0
1086,478,110.00,22.22,19.20,7.50,79.12,33.12,500.11,6.00,0.00,30.00,6.00,160,0
1086,479,110.00,22.22,19.20,7.50,79.12,33.12,500.11,6.00,0.00,30.00,6.00,160,0
1086,480,110.00,22.22,19.20,7.50,79.12,33.12,500.11,6.00,0.00,30.00,6.00,160,0
1086,481,110.00,22.22,19.20,7.50,79.12,33.12,500.11,6.00,0.00,30.00,6.00,160,0
1086,482,110.00,22.22,19.20,7.50,79.12,33.12,500.11,6.00,0.00,30.00,6.00,160,0
1086,483,110.00,22.22,19.20,7.50,79.12,33.12,500.11,6.00,0.00,30.00,6.00,160,0
1086,484,110.00,22.22,19.20,7.50,79.12,33.12,500.11,6.00,0.00,30.00,6.00,160,0
1086,485,110.00,22.22,19.20,7.50,79.12,33.12,500.11,6.00,0.00,30.00,6.00,160,0
1086,486,110.00,22.22,19.20,7.50,79.12,33.12,500.11,6.00,0.00,30.00,6.00,160,0
1086,487,110.00,22.22,19.20,7.50,79.12,33.12,500.11,6.00,0.00,30.00,6.00,160,0
1086,488,110.00,22.22,19.20,7.50,79.12,33.12,500.11,6.00,0.00,30.00,6.00,160,0
